dataset_name,rows,nn_linkage_clustering_time
letter.arff,100,0.07045114040374756
letter.arff,200,0.25753796100616455
letter.arff,500,1.5056004524230957
letter.arff,1000,6.2426406145095825
letter.arff,2000,24.38543725013733
letter.arff,4000,97.66764223575592
letter.arff,6000,221.99970889091492
letter.arff,8000,386.6715383529663
letter.arff,10000,601.3613723516464
