dataset_name,rows,nn_linkage_clustering_time
letter.arff,100,0.06952295303344727
letter.arff,200,0.25460638999938967
letter.arff,400,0.979023551940918
letter.arff,800,3.824870157241821
letter.arff,1600,15.162891149520874
letter.arff,3200,61.739653968811034
letter.arff,6800,275.6308929443359
letter.arff,13600,1126.8080842971801
