dataset_name,nn_linkage_clustering_rand_scoremanhattan,nn_linkage_clustering_timemanhattan,nn_linkage_clustering_rand_scoreeuclidean,nn_linkage_clustering_timeeuclidean
R15.arff,0.9109849749582638,0.5915766716003418,0.9097161936560936,0.9099910259246826
blobs.arff,0.3356298773690078,0.1636354446411133,0.3356298773690078,0.24004025459289552
target.arff,1.0,0.9389627933502197,1.0,1.4760815620422363
